[
    {"value":"Individual","label":"Individual","children":[{"value":"Tax returns","label":"Tax returns","children":[{"value":"salaried Individuals","label":"salaried Individuals"},{"value":"Capital Gains","label":"Capital Gains"},{"value":"Tax notice management plan","label":"Tax notice management plan"},{"value":"LTCG filing and advisory","label":"LTCG filing and advisory"}]},{"value":"TDS","label":"TDS","children":[{"value":"Challan 26QB","label":"Challan 26QB"}]},{"value":"Legal","label":"Legal","children":[{"value":"Document Review","label":"Document Review"},{"value":"Legal Drafting","label":"Legal Drafting"},{"value":"Filing of Form DPT-3","label":"Filing of Form DPT-3"}]},{"value":"Miscelleneous Services","label":"Miscelleneous Services","children":[{"value":"Advisory tax saving","label":"Advisory tax saving"},{"value":"Ask an expert","label":"Ask an expert"}]}]}
]